{"cameraMode":{"drawMode":0,"name":"Shaded","section":"Shading Mode"},"sceneLighting":false,"audioPlay":false,"sceneViewState":{"m_AlwaysRefresh":false,"showFog":false,"showSkybox":false,"showFlares":false,"showImageEffects":false,"showParticleSystems":false,"showVisualEffectGraphs":true,"m_FxEnabled":true},"in2DMode":false,"pivot":{"x":-0.4354223608970642,"y":0.9071886539459229,"z":0.052789170295000079},"rotation":{"x":-0.01989273726940155,"y":0.9796528220176697,"z":-0.15557332336902619,"w":-0.1250350922346115},"size":1.299673080444336,"orthographic":false}