{"cameraMode":{"drawMode":0,"name":"Shaded","section":"Shading Mode"},"sceneLighting":false,"audioPlay":false,"sceneViewState":{"m_AlwaysRefresh":false,"showFog":true,"showSkybox":false,"showFlares":true,"showImageEffects":true,"showParticleSystems":true,"showVisualEffectGraphs":true,"m_FxEnabled":true},"in2DMode":false,"pivot":{"x":-1.1920928955078126e-7,"y":0.858720064163208,"z":0.008843213319778443},"rotation":{"x":-0.07987422496080399,"y":0.875639796257019,"z":-0.15524865686893464,"w":-0.4502560496330261},"size":1.299673080444336,"orthographic":false}