{"cameraMode":{"drawMode":0,"name":"Shaded","section":"Shading Mode"},"sceneLighting":false,"audioPlay":false,"sceneViewState":{"m_AlwaysRefresh":false,"showFog":false,"showSkybox":false,"showFlares":false,"showImageEffects":false,"showParticleSystems":false,"showVisualEffectGraphs":true,"m_FxEnabled":true},"in2DMode":false,"pivot":{"x":1.1437788009643555,"y":0.25498920679092409,"z":-0.32550176978111269},"rotation":{"x":0.07465849816799164,"y":0.9043592214584351,"z":-0.17720748484134675,"w":0.38096460700035097},"size":1.5701134204864503,"orthographic":false}